Date,Reference,Amount,Balance
01-09-2024,CHQ001,5000,95000
02-09-2024,DEP001,15000,110000
03-09-2024,CHQ002,-3000,107000
04-09-2024,TRF001,7500,114500
05-09-2024,CHQ003,-2500,112000
06-09-2024,DEP002,20000,132000
07-09-2024,CHQ004,-1200,130800
08-09-2024,TRF002,4500,135300
09-09-2024,DEP003,8800,144100
10-09-2024,CHQ005,-6600,137500
11-09-2024,CHQ006,-900,136600
12-09-2024,DEP004,12300,148900
13-09-2024,TRF003,-2200,146700
14-09-2024,CHQ007,-4400,142300
15-09-2024,DEP005,9100,151400
16-09-2024,CHQ008,-3300,148100
02-09-2024,CHQ001,5000,143100
18-09-2024,DEP006,17000,160100
19-09-2024,TRF004,-5500,154600
20-09-2024,CHQ009,-2800,151800
